transect,bycatch_shannon,veg_shannon,bycatch_richness,veg_richness,bycatch_evar,veg_evar
AeschlimanT1S1,0.7794786272361477,0,5,1,0.37898435080562787,1
AeschlimanT1S2,0.6446463609036601,0.9123626710284175,6,4,0.7968059814656335,1
AeschlimanT1S3,0,0,0,1,0.9238981093453731,1
AeschlimanT2S1,1.698782989513801,0,7,1,0.6679009512763494,1
AeschlimanT2S2,1.3283733074590667,0.6897151214576527,8,2,0.9322863204691232,1
AeschlimanT2S3,1.493244565756427,0.5071451386960996,8,2,0.6047801389956611,0.9198575266622295
AeschlimanT3S1,1.3296613488547582,0,4,1,0.26978662916349605,0.5378423742748655
AeschlimanT3S2,0.9017151689165441,0.3879825215846499,4,2,0.4545333427405127,0.9956151810202231
AeschlimanT3S3,1.5591758056421658,0,8,1,0.545597815848331,0.5347525455919511
AeschlimanT4S1,1.8680974255247198,0,8,1,0.3297113563639592,1
AeschlimanT4S2,1.3502952657105287,0,9,1,0.6237871267997215,1
AeschlimanT4S3,1.1529592916924656,0,10,1,0.676474856684804,1
AeschlimanT5S1,1.0397207708399179,0,3,1,1,1
AeschlimanT5S2,1.6536412415655009,0,8,1,0.49355322747005725,0.7257533500581089
AeschlimanT5S3,1.8730627999036535,0,10,1,0.47964189599812856,1
AeschlimanT6S1,1.5353070175881727,0.6336592403142192,7,2,0.4182199821056194,1
AeschlimanT6S2,1.4546247143256044,0,6,1,0.6206631416796802,1
AeschlimanT6S3,1.1631693786207005,0,5,1,0.43270939587543655,1
AnatoneT1S1,0.34883209584303193,0.6888365938573422,2,2,0.4752273125379146,0.9944879561357849
AnatoneT1S2,0.9830877585747855,1.347403884023823,4,4,0.7148655833305204,0.22368802396536536
AnatoneT2S1,0.5004024235381879,0.5397693965696081,2,3,1,0.4967842581636792
AnatoneT2S2,1.3488557482513721,0.6996495444036547,5,3,1,1
AnatoneT3S1,0,0.8285931079683133,1,3,0.4834703562944118,0.8757446030301849
AnatoneT3S2,0.9435758610237888,0.8645524047454453,5,3,1,0.19840314461992825
AnatoneT4S1,0,0,1,1,0.6024497750422266,0.9376843882865614
AnatoneT4S2,0.9750917476686145,0.9653525694315617,5,3,0.6134169107574661,0.5274416572411894
AnatoneT5S1,0.6189772142016319,0.6032779139218958,3,2,0.4948261427968772,0.7107232152799087
AnatoneT5S2,1.3700185946201422,0.0693153717009415,7,2,0.40842235829326057,0.8055131503126275
AnatoneT6S1,0,0.5847731059723184,1,3,0.4998779497426571,0.13377001937087385
AnatoneT6S2,0.9832910387155491,0.9503792600936142,5,4,0.44946966774390495,0.3079673443378078
AsotinT1S1,0.559834325921902,0,3,1,0.379093497252187,1
AsotinT1S2,0.8901813890430973,0,6,1,0.19606348222203485,1
AsotinT1S3,1.4740568252732047,0,5,1,0.5045131567104743,1
AsotinT2S1,0.21262682366313784,0,3,1,0.3843201762949333,0.2002249590825811
AsotinT2S2,0.4669872708096832,0,3,1,0.426904276394243,1
AsotinT2S3,0.8972253213741442,0,6,1,0.25645154151346616,0.608941154411853
AsotinT3S1,1.2256186125549913,0,6,1,0.27538576613855714,1
AsotinT3S2,1.4177405378862782,0.16302362949436594,6,2,0.27361263796637025,1
AsotinT3S3,1.0706455596253575,0,5,1,0.49520902813202405,0.23454928471573477
AsotinT4S1,0.80791377585756,0.13169155653241765,7,2,0.37273610920668165,1
AsotinT4S2,1.3048984870989928,0,10,1,0.3551238969099503,1
AsotinT4S3,1.5347692880141957,0,10,1,0.17873017437081973,0.39110412898480984
AsotinT5S1,0.8251864988031563,0,5,1,0.7747655607692044,1
AsotinT5S2,1.174367307232372,0,8,1,0.26398225005157494,1
AsotinT5S3,1.4915756599687007,0,14,1,0.368906216041778,1
AsotinT6S1,0.6642205681494152,0.4349015678890801,9,2,0.4510196051958143,1
AsotinT6S2,1.318435519288193,0.829511303109698,14,3,0.27990831467062605,1
AsotinT6S3,1.4020473423744713,0,9,1,0.40465343561318745,1
ClarkT1S1,1.7244276173647408,0,11,1,0.3700764167541034,1
ClarkT1S2,0.7676370160164111,0,7,1,0.7257443685721041,1
ClarkT1S3,1.9553324581424985,0,16,1,0.5306691760057498,1
ClarkT2S1,1.5367224694372192,0,6,1,0.6328823282442797,1
ClarkT2S2,1.0930354013026844,0,10,1,0.6430412349449142,1
ClarkT2S3,1.7081842431761445,0,13,1,0.472622325323504,1
ClarkT3S1,1.5557593146532263,0,7,1,0.3033888365343388,1
ClarkT3S2,1.4161958123913903,0.8682828490772884,12,3,0.3213039722494191,1
ClarkT3S3,1.749452662397785,0.8798359631766479,14,4,0.19454441915913667,0.5160632129427303
ClarkT4S1,1.537987101117365,0,6,1,0.17312545300360638,0.29788698643834643
ClarkT4S2,1.183155239532881,0.217518571336808,11,2,0.25143476240907703,0.959701963367112
ClarkT4S3,1.1478594955841406,1.0722367875479288,13,3,0.34320143981379014,0.9999679774095703
ClarkT5S1,1.2636256721237273,0,5,1,0.30386135794538416,1
ClarkT5S2,1.3981867840907516,0.6624316882780676,8,2,0.3316978263896908,1
ClarkT5S3,0.9843453293034048,0.8464769392874074,9,4,0.26404559770300584,0.544780397378872
ClarkT6S1,1.1393620327464706,0,5,1,0.23673066638423268,0.9612953654368707
ClarkT6S2,1.2075743709825215,0.6931220307087461,8,2,0.14088336532931556,0.1898794757033191
ClarkT6S3,1.3501657333266186,0.05554607526889177,8,2,0.31281786796252853,0.11867972407214633
EriksonT1S1,1.2337380151460802,0,6,1,0.5513276719146352,1
EriksonT1S2,1.4141754640569788,0,6,1,0.8825726344802665,1
EriksonT1S3,1.813774442822203,1.0853670782601441,9,4,0.34094286615152714,0.33188990666874085
EriksonT2S1,0.9950269901795212,0,3,1,0.31023404988884895,0.129323443675875
EriksonT2S2,1.5247073930301436,0.19490868718781756,6,2,0.7094514537433266,1
EriksonT2S3,1.0851886129676505,0,3,1,0.5343834031939636,0.4933680420224429
EriksonT3S1,1.2838798484435796,0.24493002679463532,8,2,0.6812587617624317,1
EriksonT3S2,1.7424986363060868,0.12169240267806193,16,2,0.7497565135983968,0.27096421858252007
EriksonT3S3,1.710493230055004,0,6,1,0.2669597329927851,0.18949868514467094
EriksonT4S1,1.4158457297960696,0.06521436351143224,11,2,0.8339457902355819,1
EriksonT4S2,1.5810937501718236,0,6,1,0.8843559496409471,0.9981562970179941
EriksonT4S3,1.8160253114291258,0.40496348506393853,7,2,0.5073153710722706,0.994943366737437
EriksonT5S1,1.1682824501765625,0,4,1,0.5589211384367929,0.22436657878654787
EriksonT5S2,1.8462202193216335,0.691701229714286,7,2,0.982501880652891,1
EriksonT5S3,1.5691529462031188,0,6,1,0.8847830451814364,1
EriksonT6S1,1.714305242784749,0.3609477775051134,11,2,0.8094320977268807,0.5613071164194192
EriksonT6S2,1.3964412140087468,0.6891913443047393,7,2,0.7286370170920556,1
EriksonT6S3,1.4082930736148822,0,7,1,0.5669330666739918,1
EsserT1S1,1.2014029829706496,0.217518571336808,5,2,0.3558463311554605,0.29788698643834643
EsserT1S2,0.5031899399316097,0,8,1,0.2590702748614835,1
EsserT1S3,1.5060137898696084,0.52306043926784,8,2,0.6165566069199213,1
EsserT2S1,1.0473837190879745,0,8,1,0.6806258523503106,0.9481821927149083
EsserT2S2,1.9272760668816629,0.217518571336808,10,2,0.37139121613144765,1
EsserT2S3,1.1173510855942606,0,8,1,0.41141624664482934,1
EsserT3S1,1.8021136790136985,0,8,1,0.2654505676846233,1
EsserT3S2,1.2743490643513897,0.5903739142732465,12,3,0.6007688269939904,0.29788698643834643
EsserT3S3,2.0967770949709545,0.6906340695891999,13,2,0.35557327739118705,0.37401508121851235
EsserT4S1,1.5481155268740174,1.0627383290811296,6,3,0.3317757144013682,0.9041274417062833
EsserT4S2,1.16243054203979,0.6226665575346086,12,2,0.357553932374297,1
EsserT4S3,1.7080729301142499,0,9,1,0.33669263685042805,0.6908616297013485
EsserT5S1,1.1491534267214385,0,4,1,0.4356146647389011,0.7513428367133612
EsserT5S2,1.4480310634183233,0,10,1,0.25974657602547546,1
EsserT5S3,1.981134785575176,0,12,1,0.6025560620623682,0.996792170926603
EsserT6S1,0.72454623905551,0,3,1,0.4535307687167769,1
EsserT6S2,1.3571490736025764,0.9434290420274631,7,3,0.49297740212565955,1
EsserT6S3,1.2033320406994705,0.4480918571358931,5,2,0.5996787823738104,0.6301699536090413
FarmingtonT1S1,0,0,1,1,1,1
FarmingtonT1S2,1.0734971420486383,0.24493002679463532,5,2,1,1
FarmingtonT1S3,1.1173973911564206,0.691526898828444,13,2,1,1
FarmingtonT2S1,1.0986122886681096,0,3,1,1,1
FarmingtonT2S2,0.31449220128141064,0.31000830084598907,2,3,1,0.8538472642779459
FarmingtonT2S3,1.1687594818537157,0.6029636624162399,10,2,0.9322863204691232,1
FarmingtonT3S1,0,0,1,1,0.4592899924250773,0.3318899066687411
FarmingtonT3S2,0,0.6790185573287171,1,2,0.4253455644166383,0.22705444638680228
FarmingtonT3S3,0.8078897650125552,0,13,1,1,0.9817576536546945
FarmingtonT4S1,0,0,1,1,0.3238858361947121,0.9147410783822781
FarmingtonT4S2,0.6068720421667098,1.3135001345259933,5,4,0.2240440474838712,0.16520447958931272
FarmingtonT4S3,0.8803002065375837,0,13,1,0.6867698228729789,0.690003735592823
FarmingtonT5S1,0,0.5886627169149568,1,2,0.1873675437895137,0.9979336518008646
FarmingtonT5S2,0.507793304838231,0.09882430189269072,4,2,0.14855075521319705,0.8752781591458971
FarmingtonT5S3,1.5265090835612098,1.0173738128165999,14,3,0.2581824436001542,1
FarmingtonT6S1,1.0549201679861442,0,3,1,0.1636254060210739,1
FarmingtonT6S2,1.3316643102930148,0.48504514255633646,5,2,0.28677430283672956,0.861331166391094
FarmingtonT6S3,1.3452834119264077,0.7151691403475855,12,3,0.21468556981635456,0.38142839809047124
GreeneT1S1,0.5848957856997862,0.23592878336222323,6,2,0.21834034818080716,0.3205533638083483
GreeneT1S2,1.4971905735313091,1.1205851217450493,9,4,0.4542809324309195,0.20522239534521747
GreeneT1S3,1.5495682951759835,0.9653525694315617,9,3,0.5528528737695158,0.29788698643834655
GreeneT2S1,1.3345731800223335,0.2689376052451348,7,3,0.36312534716531175,0.3282267299845316
GreeneT2S2,1.6859303762052338,0.8615373994351865,11,4,0.7054716234057449,1
GreeneT2S3,1.7715284344215967,0.610534995239449,14,3,0.322940997224747,1
GreeneT3S1,0.8823109245150755,0.217518571336808,3,2,0.5768610941775836,0.3511690205211504
GreeneT3S2,1.5769687198882394,0.5829232857819476,8,2,0.33339810827938743,0.2514571671684124
GreeneT3S3,0.7595473914748635,0,3,1,0.5475185750495176,0.8451386460446262
GreeneT4S1,1.185134141754995,0.24203616399218136,12,2,0.35410198079364785,0.3973602754508304
GreeneT4S2,1.1681235662911502,0.2944550731983212,6,2,0.52018918724958,0.9306535818725665
GreeneT4S3,1.0832550105185086,0,4,1,0.5045126117892123,0.7804071660669533
GreeneT5S1,1.189459233660356,0,4,1,0.3920044644987052,0.8055131503126275
GreeneT5S2,1.2446725381717776,0.641317327350994,5,2,0.3342798873541809,0.22764410504313037
GreeneT5S3,1.7655876002170374,0,8,1,0.5914068289672794,1
GreeneT6S1,1.4303162850681577,0,8,1,0.541979976221835,1
GreeneT6S2,1.4011421289524484,0.906560001873837,6,3,0.6528327074346483,1
GreeneT6S3,1.1209503926735833,0,4,1,0.6643572928387286,1
Hagen-ZT1S1,0.8080924393872987,0,5,1,0.25422540157322626,1
Hagen-ZT1S2,0.9743683341752445,0.6333676938231112,7,2,0.4507598862839002,1
Hagen-ZT1S3,0.46941536938503253,0.22057003640017672,7,2,0.9987950425915292,1
Hagen-ZT2S1,0.9944485915826461,0,4,1,0.31620798797287664,1
Hagen-ZT2S2,0.38347679796331596,0,5,1,0.4174833063662018,1
Hagen-ZT2S3,0.755694519860036,0.6919373402520164,6,2,0.16097386667051772,1
Hagen-ZT3S1,0.6922017029622767,0,2,1,0.4169889528426526,0.9194438507708048
Hagen-ZT3S2,0.9467534261197997,0.42709385971193514,9,2,0.2438555254630329,1
Hagen-ZT3S3,0.09904451571955662,0.6193762897414465,4,2,0.1952270173842069,0.5964350111953349
Hagen-ZT4S1,0.677696868332959,0,5,1,0.30152370409252394,0.8536309567732803
Hagen-ZT4S2,0.8893705737149173,0.588519680313641,6,2,0.21777204659402472,0.23454928471573477
Hagen-ZT4S3,0.9834934442853761,0,15,1,0.2076936113742941,0.8024634771021109
Hagen-ZT5S1,1.1185206186738164,0,5,1,0.16667044363070538,0.30159649952796863
Hagen-ZT5S2,0.9690762434648076,0.16302362949436594,7,2,0.210263595043637,0.9984577203275274
Hagen-ZT5S3,0.3465985456102715,0.6869615765973234,5,2,0.09733498648452743,0.8993671384752483
Hagen-ZT6S1,0.6668454167811132,0,6,1,0.15124870126585876,1
Hagen-ZT6S2,1.3870271460227004,0.5553045905961378,10,2,0.12065371184491336,0.9920756001399804
Hagen-ZT6S3,0.7008639180540583,0.5722806988018472,9,2,0.1418619137463224,0.8288381599602979
Hells GateT1S1,1.3862943611198906,0,4,1,1,1
Hells GateT1S2,1.073542846408523,0,4,1,0.6055008762287628,1
Hells GateT2S1,0.7356219397587946,0,3,1,0.9322863204691232,0.30943427565824444
Hells GateT2S2,0.8675632284814612,0,3,1,1,1
Hells GateT3S1,1.0397207708399179,0.22696752250060448,3,2,0.8022715596290371,1
Hells GateT3S2,1.2636256721237273,0.3196905981112379,5,2,0.38593631085069546,0.9576636892961615
Hells GateT4S1,0,0,1,1,0.7121678557698694,1
Hells GateT4S2,1.190076307208185,0.5331638407372986,5,2,0.7430461935079296,1
Hells GateT5S1,1.6326309271543518,0,6,1,0.6430412349449142,0.4327439417997392
Hells GateT5S2,1.6188490916819118,0.6633604387435097,7,2,0.5566189065197734,0.7674819267884668
Hells GateT6S1,1.5130685876261656,1.0699767662237196,8,3,0.6500785216369263,0.9609549392710688
Hells GateT6S2,1.6993255155252154,0,7,1,0.7154583915560999,1
IdlerT1S1,1.2148896539491203,0.5859526183035508,4,2,0.7598130800407595,0.8497425530538338
IdlerT1S2,1.421475832701979,0.6931345545630174,8,2,0.5827736067726067,0.7220946722994572
IdlerT1S3,0.8742047289634051,0.691701229714286,8,2,0.6497411837056005,0.1627529275086882
IdlerT2S1,1.2293362159076602,0.5048777819462299,5,2,0.49373862322577666,1
IdlerT2S2,0.8675632284814612,0.24162893126380963,3,2,0.6979116869312416,0.7288721336790932
IdlerT2S3,1.529072377658761,0,9,1,0.5825320181656033,0.3631905082351775
IdlerT3S1,1.7042435935382438,0.09650896073594732,7,2,0.5692644453355549,0.9999839238784457
IdlerT3S2,0.9464340885014036,1.0248184450803541,5,3,0.7430461935079296,0.32771265085371104
IdlerT3S3,1.3232081226825092,0,6,1,0.49600157938205336,0.892373639808169
IdlerT4S1,1.0831728085382528,0,5,1,0.9238981093453731,0.352979225774939
IdlerT4S2,0.6365141682948128,0.7831166329792268,2,3,0.3696995891275283,0.4480335531691607
IdlerT4S3,1.1253006936440133,0.9246281649943993,5,3,0.34368999756669183,0.7148655833305204
IdlerT5S1,1.2275294114572126,0.5090792991152266,5,2,0.2566910489553763,0.9981562970179941
IdlerT5S2,0.7404110412691981,0.8515842539195699,4,3,0.44289219689650994,1
IdlerT5S3,1.6214262573838985,0.9637741571102212,8,4,0.31393397108928134,1
IdlerT6S1,1.2672355454598958,0.2691067526461698,5,2,0.37674480988523307,0.6623155454604159
IdlerT6S2,1.2573867359279576,0.5004024235381879,6,2,0.41002380196780597,0.22341951485220524
IdlerT6S3,1.3820654490046274,0.8169501279800304,11,3,0.3719331840769807,0.3942305505570528
JW TrailT1S1,1.2852930241200993,0.19999965725023772,6,2,0.655693255635049,0.27694189808599967
JW TrailT1S2,1.6479184330021646,0.5900237480109645,6,2,0.5695514732034276,1
JW TrailT1S3,1.661322839318102,0.6855278846488313,7,2,0.5036660598149072,0.3517424051837048
JW TrailT2S1,1.2706817223249798,0,6,1,0.5401652194732522,1
JW TrailT2S2,0.6071891268631633,1.247940199803016,5,4,0.7094514537433266,0.9760803896856777
JW TrailT2S3,0.7171512600566791,0.8274051369544683,8,3,0.5126904087545896,0.24263210693182302
JW TrailT3S1,1.2099282076633542,0.673758682181457,5,3,0.7994533756009806,0.8559035997990303
JW TrailT3S2,1.3904377949394804,1.0331175088251199,5,3,0.26405912750401805,0.7828952758388372
JW TrailT3S3,1.6229667426615424,0.6879673027582167,7,2,0.6947035820505595,0.9184797397594218
JW TrailT4S1,1.1034904025879528,0,4,1,0.34483649739146016,0.7361239679177205
JW TrailT4S2,0.7688721165693922,0.8694192793619822,6,3,0.47332921520152405,1
JW TrailT4S3,1.2613920150807019,0.8529626683198342,11,3,0.32037389540443095,0.3305097350053263
JW TrailT5S1,1.1682824501765625,0.674699370027759,4,2,0.7489410487693813,0.9902250317241528
JW TrailT5S2,0.9257019111219666,0,4,1,0.23328168668066718,0.3886960219480069
JW TrailT5S3,1.024571686999246,0.5674581910270522,8,2,0.6562494664108242,0.9933706540908004
JW TrailT6S1,0.639031859650177,0.4193400506061331,3,3,0.24899093863073662,0.599889867109868
JW TrailT6S2,1.2633768600405861,1.298834314371889,6,5,0.35997373551190937,0.8213903039932271
JW TrailT6S3,1.3749523397901633,0,5,1,0.7492240313484114,1
KambitschT1S1,1.156750971308615,0.8482004078013516,6,3,0.5594809955275112,0.49160800771006363
KambitschT1S2,0.9253498632370518,1.0416793578009915,8,5,0.5972677371607855,0.573459917504624
KambitschT1S3,0.37677016125643675,0.6929471672244782,2,2,0.5329409168716375,0.2132330622030859
KambitschT2S1,1.0905994737794789,0.97206698142302606,4,4,0.5009669176366973,0.20239931629032948
KambitschT2S2,1.0357516476328164,1.242139412290213,7,4,0.45263942206534935,0.1591891408486582
KambitschT2S3,0.8850086200035348,0.6912717888263618,6,2,0.28990426977324535,0.8823246707437961
KambitschT3S1,1.470098870755394,0.143696470829858,6,2,0.19923676533615176,0.35701113538965057
KambitschT3S2,1.0428034505038997,0,9,1,0.2413797595382552,0.689075975164616
KambitschT3S3,0.8381087332735719,0,7,1,0.20524601204776727,1
KambitschT4S1,1.4320559512177546,0.13370814282422602,6,2,0.26040190226346116,0.8243088738004424
KambitschT4S2,0.8193065382740903,0.9446442292526471,8,3,0.2422530838487844,0.649055892221772
KambitschT4S3,1.5810937501718236,0.11466528220290656,6,2,0.23789795534753244,0.7629503680655167
KambitschT5S1,1.1986838474943895,0.7066403218317407,5,3,0.5174456992629357,0.9997452841777046
KambitschT5S2,0.8083992379075623,1.3944236584468426,8,5,0.28342650330265573,0.9976077008882954
KambitschT5S3,1.5125043627192996,0.16302362949436594,10,2,0.3254477584057983,1
KambitschT6S1,1.1735671543101975,1.0000604015745584,6,3,0.8339457902355819,0.18200681725733792
KambitschT6S2,0.7076252866594759,1.2308793778698297,8,4,0.23419621749741337,0.23454928471573477
KambitschT6S3,1.0861091924315398,0.8343314712988886,4,3,0.6751377361772172,0.7052166930792212
LairdT1S1,1.347150998893426,1.0304139632566334,5,3,0.48465864399749237,0.8887286944671144
LairdT1S2,1.7964941672499812,1.6251829233621036,8,7,0.5107404396735433,0.37477895146560714
LairdT1S3,1.2210485271988807,1.8945672830161289,15,9,0.5695514732034276,0.7148655833305204
LairdT2S1,1.5064274423042194,1.058316549863012,7,6,0.593702113873076,0.6747022139511085
LairdT2S2,1.479212088474777,1.8214863224944644,6,8,0.5493366556191602,0.5623662968587704
LairdT2S3,0.45875369439578145,1.6311403679447731,14,8,0.7093402953249935,0.4424404427969463
LairdT3S1,1.2706817223249798,0.5004024235381879,6,2,0.737424367457214,0.3146441701383872
LairdT3S2,1.1537419427010902,1.0617013140489855,4,5,0.4780200106195539,0.4942446005085738
LairdT3S3,0.9238844785273354,1.3916135867512471,13,7,0.7798210235578764,0.27715572538114897
LairdT4S1,1.3575585458958002,0.47560636723156957,6,2,0.7985917427840594,0.2830152455158903
LairdT4S2,1.6307991045856434,1.6522124067950041,6,10,0.33559363888123894,0.2900776763523517
LairdT4S3,1.9059296723788504,1.6066439054425283,11,7,0.6066907390163836,0.5999381483439412
LairdT5S1,1.4265780016951104,0.7024509161829621,6,3,0.23217216278440123,0.49322589175795895
LairdT5S2,0.9530049844731419,0.8547046699861407,13,4,0.23998503450250097,0.47080406780272477
LairdT5S3,1.2241013684500146,0.22532980874799502,11,2,0.30163432405123025,0.32359665363315693
LairdT6S1,1.294545165844896,0.6539550878800992,5,3,0.3563809559636656,0.4700410271998948
LairdT6S2,1.608690737676295,1.74046775779183,7,7,0.26634564725748877,0.3074199776818518
LairdT6S3,0.5173604940054918,0.9783546116463201,14,5,0.1898112360997134,0.44236639431904345
MagpieT1S1,0.5004024235381879,0.6389186110504586,2,2,0.7148655833305204,0.9272865632273326
MagpieT1S2,0.5455945739691843,1.0884121526782122,2,3,0.7148655833305204,0.5315479730207344
MagpieT1S3,1.9829754702436284,0.6739882212177342,14,2,1,1
MagpieT2S1,0.5004024235381879,0.7582466001439712,2,3,0.9238981093453731,0.5098008764948753
MagpieT2S2,1.3020613918729724,1.1715603989700816,7,5,0.6674933864536314,0.29070657175910863
MagpieT2S3,1.7478680974667573,0,6,1,0.41401537665856447,1
MagpieT3S1,0,0,0,1,0.7871948107947254,0.9863095590307418
MagpieT3S2,0.4889153051616047,0,6,1,0.5925313744577212,0.24879526046436984
MagpieT3S3,1.4142790651247086,0,5,1,0.23193610488747785,1
MagpieT4S1,0.6365141682948128,0.37177617994345286,2,2,0.5174456992629357,0.8097629893317444
MagpieT4S2,0.37677016125643675,0.5599754839969876,2,2,0.7148655833305204,0.2842779925752401
MagpieT4S3,1.0114042647073518,0.217518571336808,3,2,0.3051087672140408,0.7786678908981677
MagpieT5S1,0.796311640173813,0.368296511374352,3,3,0.553217379396449,0.9751411556127573
MagpieT5S2,0.5004024235381879,0.20619205063323187,2,2,0.9575815129075463,1
MagpieT5S3,1.2130075659799042,0.8494891402048707,4,3,0.7849502393896172,1
MagpieT6S1,1.168269580240076,0,6,1,0.8708145746070881,0.29788698643834643
MagpieT6S2,0.6373987220621123,0.5402041423888608,10,2,0.796900215376078,0.45164796435096
MagpieT6S3,0.5916267438253685,0.30463609734923813,8,2,0.22321258319753523,0.4114734500405943
MeyerT1S1,0.7356219397587946,0,3,1,0.6055008762287628,1
MeyerT1S2,0.8863028432457447,0.37677016125643675,6,2,0.4061038732424952,0.48005503080060263
MeyerT1S3,0.6323694730330398,0,3,1,0.9238981093453731,0.7375637599961263
MeyerT2S1,1.037036111131216,0.35207396019476256,5,2,0.9738493347617578,0.25409078552581765
MeyerT2S2,0.6950174829605806,0.2802825240290814,6,3,0.9322863204691232,0.26387272533248407
MeyerT2S3,1.478109900246587,0.8068371136944217,10,3,0.5390527883080782,0.38631783583341994
MeyerT3S1,0.6365141682948128,1.250866959489861,2,4,0.26116099187417496,0.5174456992629357
MeyerT3S2,0.44377432234117264,1.0265535417068423,3,4,0.3042890604632117,0.22668447331457786
MeyerT3S3,1.2375987570186648,0.6230961913158193,8,2,0.26201953038362047,0.5209493594861386
MeyerT4S1,0.6730116670092565,0.18031902555609897,2,2,0.5126904087545896,0.7802096033748694
MeyerT4S2,0.639031859650177,0.5411771739403777,3,2,0.8331779076979992,0.49007419763704163
MeyerT4S3,0.9805739139948146,0.8870303913218521,6,3,0.32989205323152115,0.5573259963008756
MeyerT5S1,1.0397207708399179,0.3237207657111112,3,3,0.39634209882840665,1
MeyerT5S2,0.9502705392332347,0.35876102564058293,3,2,0.2644392978935838,0.5952483382602243
MeyerT5S3,0.9711118793804966,0.4676888318614899,10,2,0.30582956658490723,0.9047472815684519
MeyerT6S1,0.7589367727620596,1.0003822130997913,3,4,0.3330808361260491,0.6404665146382968
MeyerT6S2,0.44330669146808716,0.6930475741858297,3,3,0.3017233575118753,0.661868355432832
MeyerT6S3,1.1436512896201898,0,6,1,0.3975043360418641,1
PCEIT1S1,0.6235327681121628,0.6872046087142025,4,2,0.3412049288018216,0.9923887828244631
PCEIT1S2,0.4739284311615341,0.19144408195771734,4,2,0.25002943072602335,0.18843977052160665
PCEIT1S3,1.6766117345910305,0,8,1,0.23759958438737605,0.34679072989029025
PCEIT2S1,0.2987580581893401,0.12070109643414505,3,2,0.2991005910350941,0.6262928456174823
PCEIT2S2,0.4067560746197908,0.9319277978181835,6,3,1,0.759520691102555
PCEIT2S3,0.760848352361737,0.6772976974986347,10,2,0.4898928771793891,0.5424038692040549
PCEIT3S1,0.3523370782715475,0.805513336229846,4,3,0.29493413149001535,0.266923225122224
PCEIT3S2,0.3522258876235754,0.762828807024054,7,3,0.22750243606342957,0.689213055977945
PCEIT3S3,0.9070977647671045,0.6567996233793865,5,2,0.2165403358002378,0.2851888492350325
PCEIT4S1,0.6649125293771126,0.8718888962629668,8,3,0.16828904854705928,0.21847883310620808
PCEIT4S2,0.7696633650234523,1.1608357915082792,5,5,0.19827475697785069,1
PCEIT4S3,0.7998628254923739,1.090094337561737,7,3,0.24092806386822374,0.24368291675891984
PCEIT5S1,0,0.9467300842492455,1,3,0.5765497939829745,1
PCEIT5S2,0.266484535034237,0.6931471805599453,4,2,0.16368852855250415,0.9795013129951503
PCEIT5S3,1.3488831122902032,0.6220291825003537,9,3,0.17210600428082834,0.9520585659389181
PCEIT6S1,1.0550082766877307,1.215587369333874,5,4,0.12742080999376548,0.9889301331012967
PCEIT6S2,1.1572459295957476,1.2793201747953824,9,5,0.3146048497441999,0.15920690698079865
PCEIT6S3,0.8542978877122397,0.6549882295412208,6,3,0.1812593260789439,0.22072136225566097
PettyT1S1,0.9302917960085473,0,5,1,0.3139949597480707,1
PettyT1S2,1.3988439794048553,0,7,1,0.3026313216291112,1
PettyT1S3,1.6665665744227594,0,7,1,0.28191968251135247,0.9596414613232513
PettyT2S1,0.45820823797145316,0,4,1,0.3615383519465869,0.3543414307446462
PettyT2S2,1.431852205993906,0.45056120886630463,9,2,0.5412617145617236,1
PettyT2S3,2.1820288429972785,0.41891960872262646,13,2,0.9585284242078741,0.9273778612587688
PettyT3S1,0.7056214831722737,0.6623868816824304,7,2,0.49516701273074215,1
PettyT3S2,1.2001176715874542,0,10,1,0.34705368253047564,0.6341556927473987
PettyT3S3,1.40166444614193,0.6818546087307834,16,2,0.5051963573441531,1
PettyT4S1,1.1141869663361554,0.7357024195621,7,3,0.351309275824914,0.7549624275316107
PettyT4S2,0.7353722677810418,0.5253213195155949,6,2,0.4134055650579538,0.8894219421428483
PettyT4S3,1.5031464760140767,0.6238670617346813,9,4,0.7177687112968498,0.9931384426533761
PettyT5S1,1.0625354080615974,0,4,1,0.6159789626219849,1
PettyT5S2,1.5511361000376251,1.027689862814349,8,3,0.5673966216935933,0.5833999946050255
PettyT5S3,0.7298196087525006,0.7967881568292029,11,4,0.22073229640670522,0.9854599486740268
PettyT6S1,0.6615632381579821,1.0402668750964779,2,3,0.38617079694976153,0.3060606644167396
PettyT6S2,1.9722469794234416,0.6877868229921127,10,2,0.23511783644991968,0.21532030024486182
PettyT6S3,1.5299816959802337,1.3423816896791647,12,4,0.3227145261073632,0.9355157731263856
PhilipsT1S1,1.1446041206547781,0,9,1,0.4508550860222994,1
PhilipsT1S2,0.5187202792490662,0.9540592635614286,8,3,0.27742026809059583,0.9954901371184401
PhilipsT1S3,1.1623038525828542,0.7764338228513477,14,3,0.4035463189907339,0.9953485298893039
PhilipsT2S1,0.47448220526930973,0.6896175903518429,3,2,0.45718772525566675,1
PhilipsT2S2,1.106734229260865,0,6,1,0.7989888641641583,1
PhilipsT2S3,0.17272347620610612,0.563892356903564,9,4,0.41168275784770936,1
PhilipsT3S1,0.7449993604961742,0.6895071630136677,4,2,0.265216663344627,0.7347491204348036
PhilipsT3S2,0.7091152575824363,0,3,1,0.3776271852147286,1
PhilipsT3S3,0.528446157132729,0,6,1,0.5665547583239499,1
PhilipsT4S1,0.9755878583261878,0,4,1,0.47763721690948624,1
PhilipsT4S2,0.6001660731596457,0,3,1,0.7468943599815306,1
PhilipsT4S3,1.6208780772431925,0.6427823635410187,8,2,0.34597491253916024,0.5610302499712125
PhilipsT5S1,1.5136026783424539,0,5,1,0.24528432480630746,0.2775837349769238
PhilipsT5S2,1.7479662368880953,0,8,1,0.14600973128688233,0.32936830407449225
PhilipsT5S3,1.6731183626432506,0.28499889328570227,7,2,0.2646453950721378,1
PhilipsT6S1,1.4907045048835492,0,7,1,0.5560702156947457,0.9327034104569343
PhilipsT6S2,1.1049703357288887,0.8704447804268232,6,3,0.7633916610161036,0.38445101527550685
PhilipsT6S3,1.2101767526332279,1.3000014437870306,9,5,0.21279565390761668,0.5934196091652661
RobinsonT1S1,0.8241722418745703,0.742022921349134,8,3,0.29443373656060523,0.27017910995826555
RobinsonT1S2,1.8444397270569681,1.0780798619455492,8,6,0.9238981093453731,0.24347517186899137
RobinsonT1S3,1.5435951739060003,0.9859423395814493,11,6,0.7956548145341642,0.4543272038334354
RobinsonT2S1,0.6365141682948128,0.599554493081441,2,4,0.6223540720758359,0.7591889043458744
RobinsonT2S2,0.9830877585747855,0.9545077586563557,4,6,0.8714212880658652,0.3459375874359719
RobinsonT2S3,1.8627726971368772,1.1785516975186525,8,5,0.5362221122052849,0.9055526602822976
RobinsonT3S1,1.977006172908861,1.1450318089892704,9,4,0.7001502886183947,0.3412002062785352
RobinsonT3S2,1.6127003390445944,1.2166237042218362,10,5,0.6024497750422266,0.3959778463737672
RobinsonT3S3,1.9210958360780765,1.5915109490689034,10,7,0.4741353143272311,0.2523621805005195
RobinsonT4S1,1.9953376283263051,0.8851424017957008,11,3,0.656380415585566,0.28650054070404896
RobinsonT4S2,2.131261573141469,0.5554873652071901,13,4,0.6365334921177325,0.2737127165183527
RobinsonT4S3,1.9062996149113627,0.6915181816843896,9,4,0.3292148358436926,0.26597610660268267
RobinsonT5S1,1.8600898224337687,0.8148698860571629,7,4,0.5105255840433136,0.2738519831922924
RobinsonT5S2,1.6393363214432306,1.4130952015575167,7,7,0.6573452358092104,0.4517534581636842
RobinsonT5S3,1.7806398001381845,1.1507015481570726,12,6,0.460597404228428,0.31829784521799986
RobinsonT6S1,1.7216213656978074,0.6236548495681085,9,2,0.5401469356794184,0.4157771714017142
RobinsonT6S2,1.8890952561370793,1.151209101330387,12,6,0.32259378519998994,0.25150567318049577
RobinsonT6S3,1.9749664554921442,1.0035426790480637,15,4,0.2759242307410432,0.4185148474666891
Rose CreekT1S1,0.8965413061410984,0,4,1,0.4910044492881779,1
Rose CreekT1S2,0.29164525363376537,0,4,1,0.4123968460406089,1
Rose CreekT1S3,0.8845105145382767,0.2640520518256287,8,2,0.6164681565791041,1
Rose CreekT2S1,0.8492687260615328,0,5,1,0.529561979416888,0.39398073534482947
Rose CreekT2S2,0.980757412999551,0.6365141682948128,6,2,0.7817975727657587,0.18047128436278959
Rose CreekT2S3,1.0842210692328276,1.1510699423593584,11,4,0.8331779076979992,1
Rose CreekT3S1,1.6434177197931799,0,7,1,0.20963542695706205,1
Rose CreekT3S2,0,0,1,1,0.3926367551589943,0.9238981093453731
Rose CreekT3S3,1.0366902101505089,0.6758032739050418,8,3,1,1
Rose CreekT4S1,1.3404197634823933,1.064859872095034,6,4,0.3762637978132466,0.8494450747138497
Rose CreekT4S2,1.1883297012971021,1.0093649924815484,5,3,0.28203081642315786,0.27261232781203215
Rose CreekT4S3,0.6561006657295749,0.09650896073594732,14,2,0.7944489432957067,1
Rose CreekT5S1,0.9743147528693494,0.7342072959361043,3,3,0.24555609601242612,0.3565427162644873
Rose CreekT5S2,0.967157156726734,1.0058822318701446,4,4,0.28272385135127043,0.4682728971858121
Rose CreekT5S3,0.8903624705037603,0.8123277709145762,12,3,0.26079562523082855,0.21655682896783435
Rose CreekT6S1,0.9502705392332347,0,3,1,0.1358268138803702,0.1627529275086882
Rose CreekT6S2,1.248780543356486,0,4,1,0.14343283630182402,0.3520968037857828
Rose CreekT6S3,0.428915197732338,0,13,1,0.1364207344442515,1
SchleeT1S1,1.1545061425082583,1.0111570797525888,8,4,0.33687859724939584,0.6532384457991477
SchleeT1S2,0.6730116670092565,0.6718083558465683,2,3,0.22878741259491175,0.5562152003338467
SchleeT1S3,0,0.8252556617605402,0,3,0.7457622035579902,0.22184869244492345
SchleeT2S1,0.990225772999116,1.0896499826747856,8,4,0.3498731519802215,0.5176895161470065
SchleeT2S2,0.6869615765973234,1.1680421622440105,2,4,0.33259851918250627,0.33935484088816315
SchleeT2S3,0,0.36634773752336575,0,3,0.23410227609971146,0.7074664213157518
SchleeT3S1,0.5195798391305154,0.7625861049013827,2,4,0.9738493347617578,0.30260982802286096
SchleeT3S2,1.073542846408523,0.5665212624307979,4,2,0.9920756001399804,0.6496264016522634
SchleeT3S3,1.2650013752730702,0.2535476752025521,4,3,0.7121678557698694,0.8199390667588342
SchleeT4S1,1.1267457351591774,0.8581575273826193,6,3,1,1
SchleeT4S2,0,0.6931471805599453,1,2,1,0.33758517294141543
SchleeT4S3,1.5224625674917582,0.6897230659380849,8,2,1,0.659567593914224
SchleeT5S1,1.0296901663641231,1.1219052882747247,5,4,1,0.6184945787451461
SchleeT5S2,0.6931471805599453,1.3177880017177084,2,6,1,0.248619270619859
SchleeT5S3,1.4729377586898837,0.6929444732904678,6,2,0.7882903411059685,0.21105383938090694
SchleeT6S1,1.385395491854143,1.4192581044047756,10,5,0.4480886372204348,0.9956253655149665
SchleeT6S2,0,0.8675595637848397,0,3,0.7148655833305206,0.9997418527731436
SchleeT6S3,1.277034259466139,0,4,1,0.8614110781537889,1
SchultheisT1S1,1.2143153886334959,1.1108985440603727,7,4,0.2910911508418269,0.37980693513300146
SchultheisT1S2,0.6365141682948128,0,2,1,0.3637496057292542,0.1660506045754564
SchultheisT1S3,1.6418870080351553,0.217518571336808,10,2,0.552907037253155,0.2882793638105028
SchultheisT2S1,0.9658989097248776,0.09962338946616205,5,2,0.48703514043220275,1
SchultheisT2S2,1.6094379124341005,0,5,1,0.32721948038536064,0.24422427223004295
SchultheisT2S3,1.4174229338586988,0.6894267498914594,7,2,0.49768790512161054,0.21311972931621337
SchultheisT3S1,1.3571945432256116,0.6107442541612662,6,3,0.9238981093453731,1
SchultheisT3S2,1.0805738483648537,1.2173173175622916,5,4,1,1
SchultheisT3S3,1.6721294747920443,0,13,1,0.5714206479044871,0.7255422311310611
SchultheisT4S1,0.8617901450419195,0,4,1,0.5308394995751875,1
SchultheisT4S2,1.2319740102308727,0,6,1,0.25543331129249325,1
SchultheisT4S3,2.143067730145164,0.5242903918656112,13,3,0.4274920995505561,0.47081027870363323
SchultheisT5S1,0.8680747718478965,0.9453896228901616,8,4,0.4504331082140115,0.29788698643834643
SchultheisT5S2,0.943403744805141,0,5,1,0.3795769842049034,0.9952453921012192
SchultheisT6S1,2.1743173267364626,0.8347940635613293,13,4,0.3694689569932408,1
SchultheisT6S2,1.3968431449229355,0.8092054732283177,8,3,0.555560094962685,0.4124140231425053
SchusterT1S1,1.2852930241200993,0,7,1,0.5126904087545896,1
SchusterT1S2,1.190076307208185,0.16302362949436594,5,2,0.5158391906047799,0.853964700447582
SchusterT1S3,1.2535168132932966,0.4913274484505221,10,2,0.4113684275240278,0.42592022627155524
SchusterT2S1,1.7739185212670296,0.5887403837763772,9,2,0.5109161639948954,0.48034313863444744
SchusterT2S2,1.783383609440196,0.05554607526889177,10,2,0.5323643876631434,0.6057545404552436
SchusterT2S3,1.5044146586428988,0.5994773306263198,13,2,0.5316470745373572,0.1786143206269839
SchusterT3S1,0.903787019142592,0.7178106126679837,4,3,0.5566189065197734,0.23454928471573477
SchusterT3S2,1.3424011999371472,1.0867994740955416,9,3,0.6619501373827763,0.11867972407214633
SchusterT3S3,1.67286834212696,0.7702485729952501,10,3,0.38192772580155687,0.9841193389176356
SchusterT4S1,1.164091730556667,0.8241153946890919,5,3,0.6521544947183933,0.20653498120688552
SchusterT4S2,1.9045011102525704,1.098917967879874,8,5,0.3353950888707029,1
SchusterT4S3,0.9827715966670574,0.40118986218700575,10,2,0.4282599317663587,0.9753178003210323
SchusterT5S1,0.8815322611881636,0.43291507546338787,3,2,0.28731288774604913,0.7001820624419497
SchusterT5S2,0.8257719635548469,0,7,1,0.3246426447015929,0.8700901935233291
SchusterT5S3,2.118818070379209,0.5671025196990161,13,2,0.3699587137406516,0.283935281848128
SchusterT6S1,0.8369882167858358,0.11147402345222804,4,2,0.3006987227033626,0.5553728893657267
SchusterT6S2,0.986270778161217,0.6741218961767368,7,2,0.4345866065902382,0.8208395541030759
SchusterT6S3,1.729397317994104,0.4718902859406985,9,2,0.528095578138553,0.6686778566447972
SkinnerT1S1,2.0947290475276485,0.217518571336808,9,2,0.9065499361836742,0.29788698643834643
SkinnerT1S2,1.4978661367769954,0.6800175351080503,7,4,1,0.23454928471573477
SkinnerT1S3,1.75787691892541,0,8,1,0.7341878157567296,0.6454886475129231
SkinnerT2S1,1.0986122886681096,0.16302362949436594,3,2,0.6491682328112004,0.7683954945600004
SkinnerT2S2,1.5659572352314193,0.8821032022424468,9,3,0.7465606015885007,0.49848259107862747
SkinnerT2S3,1.634051188637382,0.7351087134100819,9,3,0.796900215376078,0.6740273523147382
SkinnerT3S1,1.4735023850806486,0.7990791939303453,6,3,0.6074918498888799,0.2916103732265731
SkinnerT3S2,1.7033723284096471,0.5551825472716454,9,2,0.3801012928051347,0.5672121331004907
SkinnerT3S3,1.52171823679305,0,6,1,0.5958909599040451,0.8022723429059294
SkinnerT4S1,1.8873038786606078,0.9323162513362965,9,3,0.9254368992034209,1
SkinnerT4S2,1.893788232391138,0,7,1,0.659217224575609,0.7871948107947253
SkinnerT4S3,1.5563642565518105,0,9,1,0.2741871699045201,0.5936265140159962
SkinnerT5S1,1.8498981518685602,0.659701748949956,8,3,0.5177650924965036,1
SkinnerT5S2,1.658110103567373,0.5455945739691843,8,2,0.4323999171957813,0.16965461577468022
SkinnerT5S3,1.58536310740357,1.055229596414302,13,4,0.556970713709912,1
SkinnerT6S1,1.2636544318820966,0.8642513372646178,4,3,0.36672821121311827,1
SkinnerT6S2,1.4290209955550806,0.7240778968016922,9,3,0.32485478357154207,0.37451150075281425
SkinnerT6S3,1.6420570516122721,0.22181739985073978,9,2,0.3757881599483611,0.30311821312848464
Smoot HillT1S1,1.6674619334292948,0.28499889328570227,6,2,0.7817975727657587,0.38445101527550685
Smoot HillT1S2,0.33410796325664904,0.8158668009775701,6,3,0.6778526757372847,0.38560643659477256
Smoot HillT1S3,0.32876713495198784,0.6930263670822564,7,2,0.6299751346200053,0.8594808632684929
Smoot HillT2S1,1.4347409242926652,0.5788268520676552,5,3,0.9428045319172287,0.15093141841522595
Smoot HillT2S2,0.23869036367164087,0.6848328335348752,4,3,0.796900215376078,1
Smoot HillT2S3,0.4801970349537023,0.6901856760188042,6,2,0.9322863204691232,0.4873276948042955
Smoot HillT3S1,0.9705850459896168,0.5923968932410615,4,2,0.20870121326780722,0.5307092719251512
Smoot HillT3S2,0.4024717166969391,0.8526623030374205,3,3,0.18571296120209346,0.16481978197714608
Smoot HillT3S3,0.29530627088771283,0.3367440423654832,5,3,0.3163651726989445,0.4971728306455362
Smoot HillT4S1,1.3321790402101223,0.677616405281041,4,3,0.4446426339486642,0.4776769423145363
Smoot HillT4S2,0.9972289130037546,0.8446645753892665,5,3,0.2665750813503873,0.5489360062171493
Smoot HillT4S3,0.28672742305232274,0.6922017029622767,6,2,0.33385930475714776,0.613854295572624
Smoot HillT5S1,1.2130075659799042,0,4,1,0.18058573626426655,0.9998461569190967
Smoot HillT5S2,0.41763147583118515,0.8916940110323994,3,4,0.2170437266155376,0.9962181359607462
Smoot HillT5S3,0.40255399958416493,0.05554607526889177,10,2,0.17970811687878607,0.2670298455584874
Smoot HillT6S1,1.0397207708399179,0.35693330326270234,3,2,0.18974913783642788,0.9987950425915292
Smoot HillT6S2,0.7943678005688689,0.9141741918920853,3,3,0.143242954034129,0.11867972407214633
Smoot HillT6S3,0.19808921455843517,0.30463609734923813,12,2,0.15688659013165507,0.4114734500405943
SpillmanT1S1,0.5158361211027406,0,3,1,0.3491405214205884,1
SpillmanT1S2,1.1194041081202084,0.5790250817553483,9,3,0.31375862803439936,0.39697547998391125
SpillmanT1S3,1.8065071652616693,0,8,1,0.184383218955388,1
SpillmanT2S1,0.7214650468668456,0.29417522948113317,4,2,0.5914068289672794,0.985063638042711
SpillmanT2S2,0.8092054732283177,0.5256999192809596,3,2,0.38123053588207123,0.7399931825446501
SpillmanT2S3,1.7968481792933826,0,10,1,0.31608587888805684,1
SpillmanT3S1,0.4195952462996445,0,6,1,0.24539292205460794,0.31305490847426776
SpillmanT3S2,0.8361614602346529,0,7,1,0.47081027870363346,0.7555681189506752
SpillmanT3S3,1.1842088637999868,0,14,1,0.27088570850257676,1
SpillmanT4S1,0.7595473914748635,0.6815502814029536,3,2,0.401344585079932,0.7042470310557722
SpillmanT4S2,1.5238943626907433,0.9293193021342816,10,3,0.24382429402640926,0.27694189808599967
SpillmanT4S3,1.0647314404284631,0,8,1,0.2793822229138849,0.4342631283942461
SpillmanT5S1,1.223379763415085,0.5159878967418371,7,2,0.7779855953161375,1
SpillmanT5S2,1.0914548099465193,0.19999965725023772,10,2,0.38711349844907295,1
SpillmanT5S3,1.8312850845148856,0,9,1,0.24604310242372196,1
SpillmanT6S1,1.1975548932281266,0,5,1,0.1942909975731636,1
SpillmanT6S2,1.0037621920158757,0.3207532052602302,8,2,0.44145310404872096,1
SpillmanT6S3,1.7101487591681237,0,14,1,0.48407054874615185,1
SteffanT1S1,0.6985669571654154,0,6,1,0.263615211085541,1
SteffanT1S2,0.6559604098493741,0,4,1,0.2874155956233452,1
SteffanT1S3,1.2429633892352279,0.6072415465680875,9,2,0.4764356737658456,1
SteffanT2S1,1.3214525887341566,0,7,1,0.9738493347617578,0.7977705730923232
SteffanT2S2,0.9968971083855205,0.39655535715411117,5,2,0.5979610708523201,1
SteffanT2S3,1.3941376028464607,0.28499889328570227,6,2,0.5333490423689757,1
SteffanT3S1,1.1706447875720734,0,7,1,0.29765502357524876,1
SteffanT3S2,0.9119709028771459,0.7750984175642911,8,3,0.42380865573655335,0.5481099896538261
SteffanT3S3,1.4044117826315572,0.6826479818113724,11,2,0.16654609779530338,0.3665369231851233
SteffanT4S1,0.6730116670092565,0.5523117982255072,2,2,0.44200714498274085,1
SteffanT4S2,1.2330380659597702,0,8,1,0.33097133465657813,0.4629099447238223
SteffanT4S3,0.8771396168560937,0.9522051135167264,11,3,0.2795262027103529,1
SteffanT5S1,0.88186313134152,0,3,1,0.17266942611822145,0.8816107017786797
SteffanT5S2,0.9541609202940425,0.3404997784712986,7,2,0.5203315781281743,0.38445101527550685
SteffanT5S3,1.6915843382286784,0,10,1,0.4038311824738503,0.9864920213819721
SteffanT6S1,1.4591454453742576,0,7,1,0.2513446340801545,0.8080562034584227
SteffanT6S2,1.2660497601294118,0,8,1,0.33431574158731203,1
SteffanT6S3,1.072691409780086,0,10,1,0.3299091732690512,1
SteptoeT1S1,0.8872422356445006,0,4,1,0.5032902201306833,1
SteptoeT1S2,1.277034259466139,0.9417534848682423,4,6,1,1
SteptoeT1S3,2.298825893564417,1.153884664320479,11,4,0.8138684995627135,1
SteptoeT2S1,0,0,1,1,0.9575815129075463,0.33904054490852753
SteptoeT2S2,1.1369165918330006,0.9122208614994534,4,4,0.9269149616095934,1
SteptoeT2S3,2.022135908943812,0.7920780577524067,10,4,0.5588767194652917,1
SteptoeT3S1,1.8392967479776605,0,8,1,0.8614110781537889,0.34900977144089795
SteptoeT3S2,1.0397207708399179,0.962083370550723,3,5,0.655693255635049,0.5345055091242727
SteptoeT3S3,1.728085081395625,1.049850075038334,8,3,0.9322863204691232,0.3500404527571366
SteptoeT4S1,1.7478680974667573,0.6922390496806912,6,3,0.6117979200265515,0.42429595007202625
SteptoeT4S2,1.7212983348438127,1.3193625634778354,8,8,0.8472211482974652,0.3364625288818175
SteptoeT4S3,1.8224362127868812,0.8445355226803624,8,3,0.7566253803373926,0.2884526886317156
SteptoeT5S1,1.559581156259877,0,5,1,0.8488476726247407,0.5606854528724361
SteptoeT5S2,1.5047882836811908,1.1256967668495985,5,4,0.6118354420927767,0.47765732735858435
SteptoeT5S3,1.1679030680008184,1.066580114144209,7,3,0.5887450679190667,0.9263368732454648
SteptoeT6S1,1.549129075454959,0,7,1,0.7162551890650783,0.5834137203784696
SteptoeT6S2,1.3592367006650063,0.8745723335474707,5,5,0.44825047132448137,0.9558139474275806
SteptoeT6S3,1.7347504172315358,0.6651212532715566,8,3,0.6318488059707832,0.5287384564969292
WawawaiT1S1,0.7225433946160872,0.13269142083987176,4,2,0.4092805794721279,0.2013025431111899
WawawaiT1S2,0.8018185525433373,0,3,1,0.3058736972248516,0.5335577087706074
WawawaiT2S1,0.8861713272269778,0.38721237518636065,5,2,0.4525829955228976,0.32122182763376583
WawawaiT2S2,0.60962742359609845,0,4,1,0.2920360488821977,1
WawawaiT3S1,1.4497150838417256,0.556059532851711,7,3,0.3538845043099007,0.1627529275086882
WawawaiT3S2,0.7335417487636489,0,4,1,0.22486580938054057,0.9648778074505137
WawawaiT4S1,0.559324244041448,0,5,1,0.633743169908378,1
WawawaiT4S2,1.2130075659799042,0.5946623323021051,4,2,0.38613903596250787,1
WawawaiT5S1,0.9391069193565561,0.09650896073594732,10,2,0.43444735001003065,1
WawawaiT5S2,1.2422550455140853,0,4,1,0.796900215376078,0.8628858732597681
WawawaiT6S1,1.074295428849745,0.666278442414676,6,2,0.6838212533115721,1
WawawaiT6S2,0.9830877585747855,0.6829081047004717,4,2,0.6024497750422266,0.9868300608390442
WolfT1S1,0.5623351446188083,0.5773540491432572,2,2,0.813438684067983,0.836632606431121
WolfT1S2,0.46341355882642993,0,3,1,1,0.9185713247461283
WolfT1S3,0.5569095238388129,0.217518571336808,6,2,0.6055008762287628,0.4689700401770509
WolfT2S1,0.6931471805599453,0.6327532106005813,2,2,1,1
WolfT2S2,0.6885673693022826,0,4,1,0.9322863204691232,0.1627529275086882
WolfT2S3,2.062069541300165,0.13169155653241765,10,2,0.2935207685126159,1
WolfT3S1,0.7356219397587946,0.3446104320908521,3,2,0.36519346532356345,1
WolfT3S2,1.1490596969706202,0.833800765045735,4,3,0.43367170643569253,1
WolfT3S3,1.261049584446882,0.13474216817976675,6,2,0.7380836433196409,0.7053924934962454
WolfT4S1,0,0,1,1,0.16232218043848112,1
WolfT4S2,0.18353157904414308,0,5,1,0.43367170643569253,1
WolfT4S3,0.8852888344409023,0.6267662772684035,4,3,0.18962135571805372,1
WolfT5S1,1.0397207708399179,0.09650896073594732,3,2,0.2877173846867477,0.29788698643834643
WolfT5S2,0.6885673693022826,0,4,1,0.8055466716399527,0.2002249590825811
WolfT5S3,1.4431629874260097,0,7,1,0.432079220544727,0.20351583287550146
WolfT6S1,0.3887343902209295,0,3,1,0.4866554900066429,0.3397422607438315
WolfT6S2,0.2020863392725082,0,3,1,0.30079329037422253,1
WolfT6S3,1.8409566794169587,0.2711893730418441,10,2,0.5075440576229004,0.36594555109839966
WSU ArboretumT1S1,0.9502705392332347,0,3,1,0.8331779076979992,1
WSU ArboretumT1S2,1.2903231868988216,0,12,1,0.8154818194185325,1
WSU ArboretumT1S3,1.2772884056482265,0.5057391875707946,5,2,0.8331779076979992,0.1627529275086882
WSU ArboretumT2S1,1.7671949977916745,0,7,1,0.3939629281753191,0.7330842233303345
WSU ArboretumT2S2,0.529105445510662,0,6,1,0.5914068289672794,1
WSU ArboretumT2S3,1.2816340498925647,0,8,1,0.5193326165758173,0.8931616869442004
WSU ArboretumT3S1,0.9502705392332347,0.09650896073594732,3,2,0.39536401766353835,1
WSU ArboretumT3S2,0.5477147798737146,0,12,1,0.12905415269880904,1
WSU ArboretumT3S3,0.8580232682593569,0,5,1,0.1993942360615527,1
WSU ArboretumT4S1,1.0279892072821093,1.1397029734361364,5,4,0.33470359396574445,1
WSU ArboretumT4S2,1.3581323585358014,0,8,1,0.30574361623391977,0.27306488038980536
WSU ArboretumT4S3,1.4337688029989253,0.6406696864769208,10,2,0.272039521206935,1
WSU ArboretumT5S1,0.7595473914748635,0,3,1,0.5644487446580339,0.7234849845676233
WSU ArboretumT5S2,1.3669186369777062,1.2877612108070364,8,5,0.49449796650674827,1
WSU ArboretumT5S3,1.4606151660689077,0,6,1,0.30844365797356,1
WSU ArboretumT6S1,1.165803596639699,0.6151112341259299,6,2,0.29598462131784475,0.9297458253373673
WSU ArboretumT6S2,0.6682887383374752,0,7,1,0.5503149488264351,1
WSU ArboretumT6S3,1.8392967479776605,0,8,1,0.8138684995627135,1
